{"admin":["$2y$10$WP\/DAqb6tCgVY6zHiLDrpOCM8EvNdnKdcZDmbcKfF0zaVwbK2qO2q","Administrado","admin@system.com",3,"A"],"user01":["$2y$10$k9fvbxfrclRwm7050MZEl.i8Meda6SwcTYTuisO1JLdhGo8AJJlCK","Fernando P\u00e9rez","user01@gmailio.com",0,"A"],"user02":["$2y$10$bIA4ddavVtNXtJBiyra0A.T1O2xr2IB.tnZTShPH8HOV\/o8LKork6","Carmen Garc\u00eda","user02@gmailio.com",1,"B"],"yes33":["$2y$10$GbE2zGhEJc92uDnUdP9Lh.47n1kGdkfiekOM8NT7ZT5O2Kb6B.SW.","Jesica Rico","yes33@gmailio.com","2","A"],"prueba53":["$2y$10$YqH8w3eRIbvnGGBW1QX1ZeMmMLdA9L\/N7RdmkABfVzCgV.4URzF\/6","prueba","prueba@gmail.com","0","A"]}